tweetId,tweetURL,tweetPostedTime,tweetContent,tweetType,client,retweetsReceived,likesReceived,tweetLocation,tweetLanguage,userId,displayName,userName,userBio,verifiedOrNot,profileURL,userFollowers,userFollowing,userAccountCreationDate,text,sentiment
"""1624598306658590722""",https://twitter.com/deisidiamonia/status/1624598306658590722,12-Feb-2023 02:36:34,"""RT @colorherqueen: Why isnâ€™t anyone talking about the black ranchers in Colorado who are being harassed by their white neighbors? Theyâ€™ve pâ€¦""",ReTweet,"""Twitter for Android""",21808,57213,USA,English,"""280827427""",Amalek,deisidiamonia,"""Justice Science Liberalism Atheism                       
Former
Supreme Axis Commander of the #Resistance
American Midwest Region 2016-2020""",Non-Verified,https://twitter.com/deisidiamonia,971,777,12-Apr-2011 03:07:40,"""RT @colorherqueen: Why isnâ€™t anyone talking about the black ranchers in Colorado who are being harassed by their white neighbors? Theyâ€™ve pâ€¦""",1
"""1624598300765868033""",https://twitter.com/faridz_yw/status/1624598300765868033,12-Feb-2023 02:36:33,"""@ShenBonan Belitung-nya sebelah mana tuh kak? Udah 3 tahun di belitung blm pernah liat buaya... palingÂ² biawak sama monyet""",Reply,"""Twitter for Android""",0,0,"Tanjung Pandan, Indonesia",Undefined,"""79985507""",Faridz Y. Wardhana,faridz_yw,"""Do it by yourself""",Non-Verified,https://twitter.com/faridz_yw,145,389,05-Oct-2009 10:16:13,"""@Shenbonan belitung where is it, sis? It's been 3 years in Belitung, I haven't seen a crocodile ... at most monkey and monkey""",0
"""1624598296558968833""",https://twitter.com/apdesti_/status/1624598296558968833,12-Feb-2023 02:36:32,"""RT @degenbams: @tanyakanrl iya penasaran juga, soalnya blm prnah ngrasain""",ReTweet,"""Twitter for Android""",43,589,"Bogor, Jawa Barat",Undefined,"""2395741165""",strawberries & cigarettes,apdesti_,"""enggak tau mau ngapain""",Non-Verified,https://twitter.com/apdesti_,128,195,18-Mar-2014 06:30:35,"""RT @degenbams: @tdahakrl yes curious too, because I have never felt""",1
"""1624598288870830083""",https://twitter.com/messa27831074/status/1624598288870830083,12-Feb-2023 02:36:30,"""@CNNIndonesia Heran kagetan preng blm lg yg lain hmm mimpi opoooo bangsa ini""",Reply,"""Twitter for Android""",0,0,Insbruck,Undefined,"""828814230551883779""",Zi punk,messa27831074,"""Keyakinan beragama bkn utk dicaci maki,berilah kebebasan mereka yg sedang bermesraan dg  Robb nya !!""",Non-Verified,https://twitter.com/messa27831074,713,1010,07-Feb-2017 03:54:45,"""@CnnIndonesia is surprised that the shock of the other prengs hmm dreams of this nation opoooo""",1
"""1624598276900274176""",https://twitter.com/babipinter/status/1624598276900274176,12-Feb-2023 02:36:27,"""@tanyarlfes Balik lagi ke kasus perceraian pada masa covid, kira2 kalau yg cerai itu pada punya anak apa ngga? Klo udah punya anak kasian ga sih anaknya? Bapa mamak nya yg impulsif punya anak (nikah muda?), anak jadi korban ketidak siapan kalkulasi ortu nya. Klo cere pas blm ada anak sih ok""",Reply,"""Twitter for Android""",0,0,,Undefined,"""1295032166204637184""",babipinter,babipinter,"""Babipinter""",Non-Verified,https://twitter.com/babipinter,2,152,16-Aug-2020 16:18:38,"""@Tanyanyarlfes returned to the divorce case during the Covid period, what if the divorce was in having children or not? If you already have a child, or not, the father is impulsively an impulsive child (young marriage?) his parents' calculation. If you haven't been a child, it's not ok """,0
"""1624598265642749952""",https://twitter.com/berbatu4/status/1624598265642749952,12-Feb-2023 02:36:24,"""RT @NMS_ampeldenta: Si tua bangka PECUNDANG, piaraan Cikeas.

Moga luh panjang umur rief. 

Yg blm di blokir tag akun si tua bangka reporteâ€¦""",ReTweet,"""Twitter for Android""",13,18,,Undefined,"""1593905399312195589""",berbatu,berbatu4,"""""",Non-Verified,https://twitter.com/berbatu4,342,395,19-Nov-2022 09:54:12,"""RT @nms_ampeldenta: Old Bangka Loser, Cikeas Pet. 

 I hope Luh is a long life. 

 Who hasn't blocked the tag of the old man's account ... """,0
"""1624598263859974144""",https://twitter.com/_in_love_with__/status/1624598263859974144,12-Feb-2023 02:36:24,"""RT @taesoothe: When George Floyd was murdered by police kpop stans criticized BTS for being quiet (offline). Few days later BTS tweeted a sâ€¦""",ReTweet,"""Twitter for Android""",44,243,,English,"""4816943777""",nicoâ· military wife era,_in_love_with__,"""""",Non-Verified,https://twitter.com/_in_love_with__,614,1307,15-Jan-2016 19:24:21,"""RT @taesoothe: When George Floyd was murdered by police kpop stans criticized BTS for being quiet (offline). Few days later BTS tweeted a sâ€¦""",0
"""1624598260865290240""",https://twitter.com/VOTEMAGA2020/status/1624598260865290240,12-Feb-2023 02:36:23,"""RT @brianeharrison: Weâ€™ve got the Texas State Teachers Association promoting a socialism and BLM activists at taxpayer expense, and the Texâ€¦""",ReTweet,"""Twitter for Android""",2,4,ğŸ‡ºğŸ‡²ğŸ‡ºğŸ‡²ğŸ‡ºğŸ‡²,English,"""1080299586625900545""",ğŸ‡ºğŸ‡²âš”â­Readyfor,VOTEMAGA2020,"""I support @realdonaldtrump. Fighting for America. Ending human trafficking.  Peace in the Middle East.  Energy independence.""",Non-Verified,https://twitter.com/VOTEMAGA2020,3341,3916,02-Jan-2019 03:07:47,"""RT @brianeharrison: Weâ€™ve got the Texas State Teachers Association promoting a socialism and BLM activists at taxpayer expense, and the Texâ€¦""",1
"""1624598256134111233""",https://twitter.com/S_B_Rod/status/1624598256134111233,12-Feb-2023 02:36:22,"""@denversannex @starshi10977911 @bennyjohnson If you care about BLM so much, why donâ€™t you go to the hoods and protest since 90% of blacks killed are by other blacks?""",Reply,"""Twitter for iPhone""",0,0,,English,"""49088703""",SBRodriguez,S_B_Rod,"""Meme Creator. Puerto Rican. If my memes and opinions offend you ğŸ¤·ğŸ»â€â™‚ï¸""",Non-Verified,https://twitter.com/S_B_Rod,413,138,20-Jun-2009 19:13:10,"""@denversannex @starshi10977911 @bennyjohnson If you care about BLM so much, why donâ€™t you go to the hoods and protest since 90% of blacks killed are by other blacks?""",0
"""1624598255269978112""",https://twitter.com/starskitty12/status/1624598255269978112,12-Feb-2023 02:36:22,"""@DiamondandSilk insanity.  they get treated like this and blm and antifa just live it up.  this is wrong on so many levels.  hopefully when when the ole coot joe is gone, we will have a president who will rectify all these wrongs that have been done by the dems/left...etcğŸ˜¡""",Reply,"""Twitter Web App""",0,0,"San Antonio, TX",English,"""968741204107169792""",standard,starskitty12,"""""",Non-Verified,https://twitter.com/starskitty12,178,29,28-Feb-2018 06:54:36,"""@DiamondandSilk insanity.  they get treated like this and blm and antifa just live it up.  this is wrong on so many levels.  hopefully when when the ole coot joe is gone, we will have a president who will rectify all these wrongs that have been done by the dems/left...etcğŸ˜¡""",0
"""1624598239478415361""",https://twitter.com/blm_angie/status/1624598239478415361,12-Feb-2023 02:36:18,"""@rawsalerts I'm scared to go asleep tonight. Might wake up tomorrow and the entire world has been evaded. But I don't why world leaders and #NATO aren't having a press conference about all of this to put the public at ease. Why can't our government be transparent about this?ğŸ˜""",Reply,"""Twitter Web App""",0,0,Michigan,English,"""1283174348141088768""",Indestructible,blm_angie,"""#mentalhealth #mentalhealthawareness  #depression #988Lifeline #samhsa 
These are the #DaysofOurLives ! Welcome to the #MichaelJackson KARMA ğŸš‚. ALL ABOARD ğŸ˜""",Non-Verified,https://twitter.com/blm_angie,582,2358,14-Jul-2020 23:00:09,"""@rawsalerts I'm scared to go asleep tonight. Might wake up tomorrow and the entire world has been evaded. But I don't why world leaders and #NATO aren't having a press conference about all of this to put the public at ease. Why can't our government be transparent about this?ğŸ˜""",0
"""1624598224257572865""",https://twitter.com/jaeramin3/status/1624598224257572865,12-Feb-2023 02:36:14,"""@thericherr alhamdulilah sampe sekrng blm pernh, kamu mau ngasih ga??ğŸ¥ºğŸ¥º""",Reply,"""Twitter for Android""",0,0,,Undefined,"""1527112678208339968""",whoismia?666,jaeramin3,"""jaemin&mark

akhirnya akun ini terbit sebelum blackpink comeback ğŸ˜Š""",Non-Verified,https://twitter.com/jaeramin3,9,75,19-May-2022 02:23:43,"""@Thericherr Alhamdulilah until now never, you want to give it ?? ğŸ¥ºğŸ¥º""",0
"""1624598203013423104""",https://twitter.com/byccherry/status/1624598203013423104,12-Feb-2023 02:36:09,"""@cipquy iyaa kak udh aku chat in terus,,, blm dibalesÂ² dari kemarenÂ² :(""",Reply,"""Twitter for Android""",0,0,"qris,ovo,spay,dana,gopay",Undefined,"""1493207488631836672""",cherry,byccherry,"""Ë—ËË‹ê’°ğŸ”®ê’± â²™â²Ÿâ³½â²â²“ â²™â²Ÿâ³½â²â²“! knock my dm and iâ€™ll be ready to assist you do your school or college task âœ§.* also, i provide tons of ÏÑÎµĞ¼Î¹Ï…Ğ¼ Î±ÏÏÑ• merely for you ğŸ¡ğŸ¦„""",Non-Verified,https://twitter.com/byccherry,989,992,14-Feb-2022 12:56:38,"""@cipquy yeah sis, I have chat in all the time ... not dibalesÂ² from yesterday :(""",0
"""1624598200412950529""",https://twitter.com/julerocks/status/1624598200412950529,12-Feb-2023 02:36:09,"""@plz2023begood @Askrlfess Kl ngliatin mgkin ad, kak. Tp kl sampe divideoin gt kyknya blm pernah liat, ğŸ˜‚""",Reply,"""Twitter for iPhone""",0,0,"Bandung, West Java, Indonesia.",Undefined,"""74972678""",miss j,julerocks,"""do what you think right, that is what everybody does. -dr.Lightman-""",Non-Verified,https://twitter.com/julerocks,1141,1441,17-Sep-2009 09:22:15,""" @plz2023begood @askrlfofess if you want to, sis. But until it is visited, I have never seen it, ğŸ˜‚""",0
"""1624598176341823489""",https://twitter.com/saragihkamelia/status/1624598176341823489,12-Feb-2023 02:36:03,"""ini #RedBalloonEp15 kok blm kluar si subtittle bahasa indonyaa.. buru napaa aku ga sabar nontonnnnğŸ˜­ğŸ˜­ğŸ˜­ğŸ˜­ğŸ˜­ğŸ˜­""",Tweet,"""Twitter for iPhone""",0,0,"Sumatera Utara, Indonesia",Undefined,"""1443195182980026370""",Kamelia Noviyanti Saragih,saragihkamelia,"""""",Non-Verified,https://twitter.com/saragihkamelia,0,12,29-Sep-2021 12:45:32,"""This is #Redballoonep15, how come the Indonesian subtitles haven't come out yet ... I can't wait to watch me watching",1
"""1624598172717686784""",https://twitter.com/AnnaApp91838450/status/1624598172717686784,12-Feb-2023 02:36:02,"""RT @Czesc45: @Lawrence How about you go to the cities where Antifa and BLM destroyed private properties and businesses. With the encouragemâ€¦""",ReTweet,"""Twitter for Android""",232,224,Down South ,English,"""734168909553766405""",AnnaLovesTrumpğŸğŸ‡ºğŸ‡¸ğŸ‡®ğŸ‡¹,AnnaApp91838450,"""Best Military/Back BlueğŸ’¯
LoveğŸ‡ºğŸ‡¸Trump2024ğŸ’¯
ALWAYS FOREVER PATRIOTS
ApplejaxsğŸ’¯MAGA,ProLifeğŸ‘£
Never Give UpğŸ‡ºğŸ‡¸""",Non-Verified,https://twitter.com/AnnaApp91838450,82730,59344,21-May-2016 23:48:03,"""RT @Czesc45: @Lawrence How about you go to the cities where Antifa and BLM destroyed private properties and businesses. With the encouragementâ€¦""",0
"""1624598148361355265""",https://twitter.com/BibleJeff2830/status/1624598148361355265,12-Feb-2023 02:35:56,"""RT @fessthai: ftd! km dah punya anak berdua sperti biblejeff ni blm dikğŸ˜…ğŸ¸ https://t.co/TL4cv44gYJ""",ReTweet,"""Twitter for Android""",5,7,,Undefined,"""1366064039156195331""",BibleJeffMile/ Fan account,BibleJeff2830,"""Fan account for @biblesumett @jeffsatur ğŸŒ¹ğŸª @milephakphum ğŸ’š""",Non-Verified,https://twitter.com/BibleJeff2830,228,324,28-Feb-2021 16:34:07,"""RT @FESSSTHAI: FTD! You have a child like a biblejeff, not dikm.",0
"""1624598139813642240""",https://twitter.com/pdtgsbxt49/status/1624598139813642240,12-Feb-2023 02:35:54,"""@robclayton52 @fightcomps_ I love how his profile says BLM supporter lol ğŸ¤”ğŸ¤¦â€â™€ï¸""",Reply,"""Twitter for iPhone""",0,0,,English,"""1480078371329478658""",Amanda Swinson,pdtgsbxt49,"""""",Non-Verified,https://twitter.com/pdtgsbxt49,0,5,09-Jan-2022 07:26:18,"""@robclayton52 @fightcomps_ I love how his profile says BLM supporter lol ğŸ¤”ğŸ¤¦â€â™€ï¸""",1
"""1624598138211164161""",https://twitter.com/DraemusXIV/status/1624598138211164161,12-Feb-2023 02:35:54,"""Fave job for every role:
ğŸ›¡ï¸: PLD
ğŸ©¹: AST
âš”ï¸: DRG
ğŸ¹: DNC
ğŸª„: : BLM https://t.co/rkxqmZAHAQ""",Tweet,"""Twitter Web App""",0,1,,English,"""1426686734394445824""",Zeroâ€™s Little Bun ğŸ°,DraemusXIV,"""Draemus | They/Them | Chaos/Primal | Viera from the Thirteenth| Novice Gposer/Writer/Savage Raider | ZeroWoL | Story Spoilers+ NSFW flagged | 18+ | Minors DNI""",Non-Verified,https://twitter.com/DraemusXIV,116,533,14-Aug-2021 23:26:54,"""Fave job for every role:
ğŸ›¡ï¸: PLD
ğŸ©¹: AST
âš”ï¸: DRG
ğŸ¹: DNC
ğŸª„: : BLM https://t.co/rkxqmZAHAQ""",1
"""1624598115461345281""",https://twitter.com/6kscoty/status/1624598115461345281,12-Feb-2023 02:35:48,"""RT @colorherqueen: Why isnâ€™t anyone talking about the black ranchers in Colorado who are being harassed by their white neighbors? Theyâ€™ve pâ€¦""",ReTweet,"""Twitter for iPhone""",21808,57213,The Galaxy,English,"""781663861220999168""",LXVEğŸ’”,6kscoty,"""Dreams Forged Through Pain""",Non-Verified,https://twitter.com/6kscoty,147,177,30-Sep-2016 01:16:02,"""RT @colorherqueen: Why isnâ€™t anyone talking about the black ranchers in Colorado who are being harassed by their white neighbors? Theyâ€™ve pâ€¦""",1
"""1624598115260186624""",https://twitter.com/byccherry/status/1624598115260186624,12-Feb-2023 02:35:48,"""@wafellopage iyaa aku tau juga kalo spo lagi rawann bgt,, tp udh aku chat in terus nanyain kabar,,, blm dibalesÂ² dari kemarenÂ² :(""",Reply,"""Twitter for Android""",0,0,"qris,ovo,spay,dana,gopay",Undefined,"""1493207488631836672""",cherry,byccherry,"""Ë—ËË‹ê’°ğŸ”®ê’± â²™â²Ÿâ³½â²â²“ â²™â²Ÿâ³½â²â²“! knock my dm and iâ€™ll be ready to assist you do your school or college task âœ§.* also, i provide tons of ÏÑÎµĞ¼Î¹Ï…Ğ¼ Î±ÏÏÑ• merely for you ğŸ¡ğŸ¦„""",Non-Verified,https://twitter.com/byccherry,989,992,14-Feb-2022 12:56:38,"""@wafelllopage yes I know too if my cellphone is very vulnerable, but I have chat in and then asking the news ,,, no dibales from yesterday :(""",0
"""1624598107362332672""",https://twitter.com/joshu_alyeay/status/1624598107362332672,12-Feb-2023 02:35:47,"""Gasabar bgt nntn eps 5 tp eps 2 aj blm kelar huhuu, sebagai shua bias eps 5 bakal jd memori bgt byk bgt momen cheolsoo,jihan, booshua ,shua shirtless aduhhh""",Tweet,"""Twitter for Android""",0,0,,Undefined,"""1572550180385476610""",alyeay,joshu_alyeay,"""24/7 bucin ka shua |221228 bets jkt |""",Non-Verified,https://twitter.com/joshu_alyeay,125,280,21-Sep-2022 11:36:01,"""I can't wait to watch Eps 5 but Eps 2 AJG hasn't finished Huhuu, as Shua Bias Eps 5 will be a lot of memory, so many moments of Cheolsoo, Jihan, Booshua, Shua Shirtless Ouch""",0
"""1624598105604902912""",https://twitter.com/elvislver56/status/1624598105604902912,12-Feb-2023 02:35:46,"""RT @colorherqueen: Why isnâ€™t anyone talking about the black ranchers in Colorado who are being harassed by their white neighbors? Theyâ€™ve pâ€¦""",ReTweet,"""Twitter for Android""",21807,57210,The O.C.,English,"""844631388""",Lori Rusher â˜®,elvislver56,"""Married to a Trucker, Proud Mom, Ca Lib, 70's child, â¤Lakers, Elvis & BBQ #AutoimmuneWarrior Blocked By @RogerJStoneJr @RepRohrabacher @Chucktodd @RudyGiuliani""",Non-Verified,https://twitter.com/elvislver56,9398,10336,25-Sep-2012 01:27:46,"""RT @colorherqueen: Why isnâ€™t anyone talking about the black ranchers in Colorado who are being harassed by their white neighbors? Theyâ€™ve pâ€¦""",1
"""1624598101746130944""",https://twitter.com/My_Minds_Mess_/status/1624598101746130944,12-Feb-2023 02:35:45,"""RT @taesoothe: When George Floyd was murdered by police kpop stans criticized BTS for being quiet (offline). Few days later BTS tweeted a sâ€¦""",ReTweet,"""Twitter for iPhone""",44,243,,English,"""1457157071527419909""",R,My_Minds_Mess_,"""â€˜92 | gold crescendo and silver muting""",Non-Verified,https://twitter.com/My_Minds_Mess_,24,157,07-Nov-2021 01:26:03,"""RT @taesoothe: When George Floyd was murdered by police kpop stans criticized BTS for being quiet (offline). Few days later BTS tweeted a sâ€¦""",0
"""1624598096037679105""",https://twitter.com/zhaopaws/status/1624598096037679105,12-Feb-2023 02:35:44,"""@gyuvinis Udah dong, sas udh blm??""",Reply,"""Twitter for Android""",0,0,she/her,Undefined,"""1622413131963334656""",nÙadğŸ¾,zhaopaws,"""read rentry byf""",Non-Verified,https://twitter.com/zhaopaws,132,128,06-Feb-2023 01:53:40,"""@gyuvinis, please, it's not yet ??""",0
"""1624598086667616258""",https://twitter.com/IMTOMOONIE/status/1624598086667616258,12-Feb-2023 02:35:42,"""RT @khardew: night odong odong! :)

*yess masih blm bs move on dr ini and would neverğŸ¤­* https://t.co/4Rz2DYSSy8""",ReTweet,"""Twitter for Android""",9,79,,Undefined,"""1446026591331512322""",TOMOONie,IMTOMOONIE,"""""",Non-Verified,https://twitter.com/IMTOMOONIE,2,29,07-Oct-2021 08:16:28,"""RT @khardew: Night Odong Odong! :) 
 * Yess still can't move on this and wild neverğŸ¤­* https://t.co/4rz2Dyssy8 """,0
"""1624598066727886849""",https://twitter.com/zananewbie/status/1624598066727886849,12-Feb-2023 02:35:37,"""RT @febrikayo12: @nctzenbase Harusnya bersyukur masih bisa dikasih kesempatan buat nnton:). Krna diluaran sana masih banyak yg udh berusahaâ€¦""",ReTweet,"""Twitter for Android""",4,58,,Undefined,"""1094396064847736833""",jana,zananewbie,"""ğŸŒ±""",Non-Verified,https://twitter.com/zananewbie,32,184,10-Feb-2019 00:42:09,"""RT @febrikayo12: @nctzenbase should be grateful to still be given the opportunity for nnton :). Because there are still many who have tried ...""",0
"""1624598060100685824""",https://twitter.com/LuwdaL/status/1624598060100685824,12-Feb-2023 02:35:35,"""RT @YeuleDefenderr: #BlackLivesMatter #BLM #blackTRANSlivesmatter #BlackTranswoman #LGBTQIA #queer #community #rent #home #HousingForAll #eâ€¦""",ReTweet,"""Twitter Web App""",3,1,MCYT Proshippers DNI,Undefined,"""1235551450102730752""",Lu â¤ï¸ de fÃ©rias!,LuwdaL,"""Lu do Brasil ğŸ’Œ White / 18 ğŸ’Œ Ele (Ela sÃ³ famÃ­lia & amigues/He/They ğŸ’Œ Perisex TME demigirl Aroace ğŸ’Œ No race in bio, no follow / Hate on black edits, get out""",Non-Verified,https://twitter.com/LuwdaL,346,1605,05-Mar-2020 13:07:27,"""RT @YeuleDefenderr: #BlackLivesMatter #BLM #blackTRANSlivesmatter #BlackTranswoman #LGBTQIA #queer #community #rent #home #HousingForAll #eâ€¦""",1
"""1624598048432087041""",https://twitter.com/Firestorm2343/status/1624598048432087041,12-Feb-2023 02:35:32,"""RT @colorherqueen: Why isnâ€™t anyone talking about the black ranchers in Colorado who are being harassed by their white neighbors? Theyâ€™ve pâ€¦""",ReTweet,"""Twitter for Android""",21808,57213,"Chicago, IL",English,"""1365075159300800514""",Bryanna Bond | Author + No Ordinary Scholar,Firestorm2343,"""An Autistic Author and No Ordinary Scholar ğŸ³ï¸â€ğŸŒˆ/
#MentalHealthFiction but make it funny as hell ğŸ¤£ğŸ¤£ğŸ¤£
she/her/hers""",Non-Verified,https://twitter.com/Firestorm2343,528,603,25-Feb-2021 23:04:25,"""RT @colorherqueen: Why isnâ€™t anyone talking about the black ranchers in Colorado who are being harassed by their white neighbors? Theyâ€™ve pâ€¦""",1
"""1624598032808542208""",https://twitter.com/7vTPDLexxZgPzjM/status/1624598032808542208,12-Feb-2023 02:35:29,"""RT @liz_churchill8: Pfizer has killed far more black people than â€˜White Supremacyâ€™ ever hasâ€¦so why hasnâ€™t BLM and ANTIFA â€˜mass protestedâ€™ wâ€¦""",ReTweet,"""Twitter for Android""",404,1869,å…µåº« ,English,"""1442032037238480898""",ä¸ƒé¾â—,7vTPDLexxZgPzjM,"""ä¸ƒé¾â—çµ„ç™ºè¶³ã€‚
åæ¨©åŠ›è€…ã¯é›†ã¾ã‚Œâ—
ç·ã¦ã®å·®åˆ¥ã«åå¯¾â—
ãƒ¯ã‚¯ğŸ’‰ã¯æ¯’ã§ã™ã€‚â—
è¦ªã¯å­ä¾›ã‚’å®ˆã‚Œã‚ˆâ—
virusç­‰å­˜åœ¨ã—ãªã„â—
å¯¾ç«‹ã®ç¨®ã‚’æ’’ã‹ã‚Œã¦ã„ã‚‹äº‹ã«æ°—ä»˜ã‹ãªã„å·¦å³ã®ã‚¢ãƒ›ãƒ³ãƒ€ãƒ©â—ã¯æ¥ã‚“ã§ã„ã„â—""",Non-Verified,https://twitter.com/7vTPDLexxZgPzjM,2216,4458,26-Sep-2021 07:44:04,"""RT @liz_churchill8: Pfizer has killed far more black people than â€˜White Supremacyâ€™ ever hasâ€¦so why hasnâ€™t BLM and ANTIFA â€˜mass protestedâ€™ wâ€¦""",0
"""1624598025430798336""",https://twitter.com/ezash/status/1624598025430798336,12-Feb-2023 02:35:27,"""RT @tekkugizmo: @ezash Sama ni, banyak beli game, tp blm sempet mainin.""",ReTweet,"""Twitter Web App""",1,0,Indonesia,Undefined,"""105080250""",Eza Hazami,ezash,"""Tweets are on my own â€¢ Talk about Games, Career, Tech & Geek Auto â€¢ Sering livestream di Youtube, sawer langsung ke https://t.co/jjTN5TlDW9""",Non-Verified,https://twitter.com/ezash,265580,465,15-Jan-2010 08:53:08,"""RT @tekugizmo: @ezash with this, buy a lot of games, but it's not playing.""",0
"""1624598009316282369""",https://twitter.com/zulfiahayu/status/1624598009316282369,12-Feb-2023 02:35:23,"""Hadah hadeh yaallah beberapa minggu ini. Dari maryam alergi bentol2 tiba2 bolak balik dokter. Alergi ilang terus batuk pilek blm lg salah makan berujung dia ceriprit. Udh berapa kali tu balik dokter ğŸ˜£""",Tweet,"""Twitter for Android""",0,0,MY HOME,Undefined,"""131084546""",zulfiah ayu,zulfiahayu,"""Typing....""",Non-Verified,https://twitter.com/zulfiahayu,406,274,09-Apr-2010 06:25:23,"""Hadah hadeh yaallah, a few weeks.",0
"""1624598008854884352""",https://twitter.com/ha87308268/status/1624598008854884352,12-Feb-2023 02:35:23,"""@permdw_ Ettdah... Aku aja blm deket udh di marah2in ğŸ¤”ğŸ¤”ğŸ¤”""",Reply,"""Twitter Web App""",0,0,,Undefined,"""1529707511984844800""",Abdul Hafidz,ha87308268,"""suka apa aja, termasuk kamu....""",Non-Verified,https://twitter.com/ha87308268,4,137,26-May-2022 06:14:58,"""@permdw_ etah ... I haven't been close to me, I have been angry ğŸ¤”ğŸ¤”ğŸ¤”""",0
"""1624597996343267329""",https://twitter.com/RBHam63/status/1624597996343267329,12-Feb-2023 02:35:20,"""RT @liz_churchill8: Pfizer has killed far more black people than â€˜White Supremacyâ€™ ever hasâ€¦so why hasnâ€™t BLM and ANTIFA â€˜mass protestedâ€™ wâ€¦""",ReTweet,"""Twitter for Android""",404,1869,"Saskatoon, Saskatchewan",English,"""2452715185""",R.B. Ham,RBHam63,"""Citizen of the Universe.""",Non-Verified,https://twitter.com/RBHam63,1108,3017,19-Apr-2014 07:09:56,"""RT @liz_churchill8: Pfizer has killed far more black people than â€˜White Supremacyâ€™ ever hasâ€¦so why hasnâ€™t BLM and ANTIFA â€˜mass protestedâ€™ wâ€¦""",0
"""1624597985991737344""",https://twitter.com/b1llie_eyelash/status/1624597985991737344,12-Feb-2023 02:35:18,"""RT @colorherqueen: Why isnâ€™t anyone talking about the black ranchers in Colorado who are being harassed by their white neighbors? Theyâ€™ve pâ€¦""",ReTweet,"""Twitter for iPhone""",21808,57213,The office ,English,"""1003230144591421440""",ehhhh,b1llie_eyelash,"""Billie eilish have my babies please""",Non-Verified,https://twitter.com/b1llie_eyelash,173,287,03-Jun-2018 11:01:20,"""RT @colorherqueen: Why isnâ€™t anyone talking about the black ranchers in Colorado who are being harassed by their white neighbors? Theyâ€™ve pâ€¦""",1
"""1624597983672127489""",https://twitter.com/Whytedude1/status/1624597983672127489,12-Feb-2023 02:35:17,"""RT @Jeff_Davis1808: ""What next? Free them, and make them politically &amp; socially, our equals? My own feelings will not admit of this; and ifâ€¦""",ReTweet,"""Twitter for Android""",4,15,,English,"""1603154813126074370""",Whytedude,Whytedude1,"""III%

2006 Time Person of the Year.""",Non-Verified,https://twitter.com/Whytedude1,24,399,14-Dec-2022 22:27:56,"""RT @Jeff_Davis1808: ""What next? Free them, and make them politically &amp; socially, our equals? My own feelings will not admit of this; and ifâ€¦""",1
"""1624597976298520577""",https://twitter.com/tinydvst/status/1624597976298520577,12-Feb-2023 02:35:15,"""RT @colorherqueen: Why isnâ€™t anyone talking about the black ranchers in Colorado who are being harassed by their white neighbors? Theyâ€™ve pâ€¦""",ReTweet,"""Twitter for Android""",21808,57213,"Texas, USA",English,"""4475309122""",â·,tinydvst,"""26 | she/her | debut army ğŸ’œ""",Non-Verified,https://twitter.com/tinydvst,84,85,13-Dec-2015 23:41:12,"""RT @colorherqueen: Why isnâ€™t anyone talking about the black ranchers in Colorado who are being harassed by their white neighbors? Theyâ€™ve pâ€¦""",1
"""1624597971839946752""",https://twitter.com/SkOoL_Danny/status/1624597971839946752,12-Feb-2023 02:35:14,"""RT @NIIYMX: Black History Lesson 11: â€œBlack Power Fistâ€ 

You may have seen this symbol being used due to the murder of George Floyd and otâ€¦""",ReTweet,"""Twitter for iPhone""",161,287,â€œThe Incidentâ€|| He/Star/They ,English,"""1270131383684472838""",SkOoL-DannyğŸ—ğŸš¦,SkOoL_Danny,"""â€œyou wanna be friends?â€ğŸ’™dtqktwt+, PunztwtğŸ˜–GrouptwtğŸŒŸ {multi-fandom}(genderfluid/bi) ||15||""",Non-Verified,https://twitter.com/SkOoL_Danny,454,845,08-Jun-2020 23:11:41,"""RT @NIIYMX: Black History Lesson 11: â€œBlack Power Fistâ€ 

You may have seen this symbol being used due to the murder of George Floyd and otâ€¦""",0
"""1624597970887888899""",https://twitter.com/pjmguitar/status/1624597970887888899,12-Feb-2023 02:35:14,"""@rmpandora sim, aÃ­ sai a matÃ©ria e dizem que eles fizeram por hype igual no blm, pq tudo com eles Ã© assim, sÃ©rio, por isso venho aqui de turista, uma vez em nunca""",Reply,"""Twitter for Android""",0,0,lesserafim ,Portuguese,"""1345788169623629824""",nalu â˜­ PJM1,pjmguitar,"""the biggest group in the world is https://t.co/A4d7wwwzmQ""",Non-Verified,https://twitter.com/pjmguitar,1022,1018,03-Jan-2021 17:44:44,"""@rmpandora yes, then the story comes out and they say they did for hype equal in BLM, because everything with them is like that, seriously, so I come here from tourist, once in never""",1
"""1624597966714724353""",https://twitter.com/thiramimatcha/status/1624597966714724353,12-Feb-2023 02:35:13,"""RT @jeuniverse__: ğŸ’š GA TIME ğŸ’š
krn kmrn panbuy buat The Link taunya ga kepake n TDS2 ga perlu.. 
aku mw give telezoom ku yg blm pernah dipakâ€¦""",ReTweet,"""Twitter for Android""",369,415,Jeno's heart ,Undefined,"""1456982725651415040""",mitchu,thiramimatcha,"""âœ§*ã€‚ Hello i'm Mitchu, let's interact more moots or my followers. This account is very random, hope you like it

 I really like #Jeno and #Mark from #NCT â€”â˜†""",Non-Verified,https://twitter.com/thiramimatcha,1986,1389,06-Nov-2021 13:52:24,"""RT @jeuniverse__: ğŸ’š GA TIME ğŸ’š 
 because you are panbuy for the link, you don't use it, it's not necessary ... 
 I give my telezoom who has never been used ... """,0
"""1624597948297277441""",https://twitter.com/swiftyloo/status/1624597948297277441,12-Feb-2023 02:35:09,"""RT @dom_lucre: â€¢ After BLM received a $200,000 check from Soros in 2015 their movement became violent and the new formula for social manipuâ€¦""",ReTweet,"""Twitter for Mac""",318,1498,TXğŸ‡¨ğŸ‡±,English,"""522795228""",HannaKat,swiftyloo,"""I'm just here for the cat memes.""",Non-Verified,https://twitter.com/swiftyloo,2577,4804,13-Mar-2012 02:21:58,"""RT @dom_lucre: â€¢ After BLM received a $200,000 check from Soros in 2015 their movement became violent and the new formula for social manipuâ€¦""",1
"""1624597946237915136""",https://twitter.com/spicystrawburry/status/1624597946237915136,12-Feb-2023 02:35:08,"""RT @colorherqueen: Why isnâ€™t anyone talking about the black ranchers in Colorado who are being harassed by their white neighbors? Theyâ€™ve pâ€¦""",ReTweet,"""Twitter for iPhone""",21808,57213,"Texas, USA",English,"""853813812""",moo ğŸ’–,spicystrawburry,"""Bi, 27 // @_iamtubby ğŸ’• // PCOS""",Non-Verified,https://twitter.com/spicystrawburry,788,826,30-Sep-2012 00:14:33,"""RT @colorherqueen: Why isnâ€™t anyone talking about the black ranchers in Colorado who are being harassed by their white neighbors? Theyâ€™ve pâ€¦""",1
"""1624597945147609089""",https://twitter.com/byccherry/status/1624597945147609089,12-Feb-2023 02:35:08,"""@aautumtn iyaa kak udh aku chat in terus,,, blm dibalesÂ² dari kemarenÂ² :(""",Reply,"""Twitter for Android""",0,0,"qris,ovo,spay,dana,gopay",Undefined,"""1493207488631836672""",cherry,byccherry,"""Ë—ËË‹ê’°ğŸ”®ê’± â²™â²Ÿâ³½â²â²“ â²™â²Ÿâ³½â²â²“! knock my dm and iâ€™ll be ready to assist you do your school or college task âœ§.* also, i provide tons of ÏÑÎµĞ¼Î¹Ï…Ğ¼ Î±ÏÏÑ• merely for you ğŸ¡ğŸ¦„""",Non-Verified,https://twitter.com/byccherry,989,992,14-Feb-2022 12:56:38,"""@aautumtn yeah sis, I have chat in all",0
"""1624597930551447552""",https://twitter.com/hopeuhappyfan/status/1624597930551447552,12-Feb-2023 02:35:04,"""@tanyarlfes hahah kenapa sedih nder? lo gk sedih juga kah liat anak anak banyak yg terlantar karna mereka yg memilih untuk punya anak tpi blm siap mental baik ekonomi jg, bahkan ada yg bilang lebih baik punya 1 anak tpi berkualitas terjamin semua kebutuhan fisik maupun rohaninya dibandingkan""",Reply,"""Twitter for Android""",0,0,,Undefined,"""1271126736164421633""",ğšğ¥ğ¨ğ«ğšğŸ¦‹,hopeuhappyfan,"""bermimpi ingin terbang sebebas kupu kupu""",Non-Verified,https://twitter.com/hopeuhappyfan,0,28,11-Jun-2020 17:06:53,"""@tanyarlfes hahah why is it sad nder? You are not sad too, see many children who are displaced because those who choose to have children but have not been ready to be mentally good at both the economy, some even say it is better to have 1 child but quality is guaranteed all physical needs or spiritual compared to """,0
"""1624597927271231490""",https://twitter.com/MikeDiaz285/status/1624597927271231490,12-Feb-2023 02:35:04,"""RT @brianeharrison: Weâ€™ve got the Texas State Teachers Association promoting a socialism and BLM activists at taxpayer expense, and the Texâ€¦""",ReTweet,"""Twitter for Android""",2,4,"Houston, TX",English,"""905138029""",Michael Diaz,MikeDiaz285,"""Christian, Father and GSD owner! I stand for Life, Liberty and the Pursuit of Happiness! Proud Ted Cruz Supporter. #CruzCrew #Prolife #KeepTexasRed""",Non-Verified,https://twitter.com/MikeDiaz285,6768,6805,26-Oct-2012 02:30:54,"""RT @brianeharrison: Weâ€™ve got the Texas State Teachers Association promoting a socialism and BLM activists at taxpayer expense, and the Texâ€¦""",1
"""1624597916806520833""",https://twitter.com/NoboastbutJesus/status/1624597916806520833,12-Feb-2023 02:35:01,"""RT @Czesc45: @Lawrence How about you go to the cities where Antifa and BLM destroyed private properties and businesses. With the encouragemâ€¦""",ReTweet,"""Twitter Web App""",232,224,Jerusalem soon Iowa now,English,"""1052304199629893632""",Gideon,NoboastbutJesus,"""BELIEVE IN JESUS  
John 3:16 read it
Wants you to know Jesus loves you
PRO ABUNDANT LIFE 
I am blood bought 
ÎœÎŸÎ›Î©Î Î›Î‘Î’Î•   
I support the Police
Ultra #MAGA""",Non-Verified,https://twitter.com/NoboastbutJesus,36457,36745,16-Oct-2018 21:04:06,"""RT @Czesc45: @Lawrence How about you go to the cities where Antifa and BLM destroyed private properties and businesses. With the encouragementâ€¦""",0
"""1624597912922787840""",https://twitter.com/jakeyzzy/status/1624597912922787840,12-Feb-2023 02:35:00,"""@hannjiurs kamu udh brangkat ap blm si sas?""",Reply,"""Twitter for Android""",0,0,jaeyunâ€™s world,Undefined,"""1364565813873676292""",cocobambi,jakeyzzy,"""ğŸœğŸ’¤""",Non-Verified,https://twitter.com/jakeyzzy,5,221,24-Feb-2021 13:20:26,"""@hannjiurs have you left yet in Sas?""",0
"""1624597910934650882""",https://twitter.com/GreenEntreprise/status/1624597910934650882,12-Feb-2023 02:35:00,"""RT @Czesc45: @Lawrence How about you go to the cities where Antifa and BLM destroyed private properties and businesses. With the encouragemâ€¦""",ReTweet,"""Twitter for iPad""",232,224,,English,"""152744577""",Green Entreprises,GreenEntreprise,"""In memory of those advocating Green Entreprises. Without freedom & democracy. Hell. May God let humanity win , get rid of communism & elitists. No Crypto/list""",Non-Verified,https://twitter.com/GreenEntreprise,3183,3690,06-Jun-2010 19:31:48,"""RT @Czesc45: @Lawrence How about you go to the cities where Antifa and BLM destroyed private properties and businesses. With the encouragementâ€¦""",0
"""1624597899475558401""",https://twitter.com/sherikookami/status/1624597899475558401,12-Feb-2023 02:34:57,"""Also thats the biggest eps their mad about. The blm eps really got under their skin hard. It's fucking amazing to watch and their giving free marketing the efforts of this show to actually spread the message of we just want equality and to actually be free already""",Reply,"""Twitter for Android""",0,0, ğŸ³ï¸â€âš§ï¸nonbinary he/theyğŸ22,English,"""903238364614316032""",ğŸ”Eros RoseğŸ” (looking for work),sherikookami,"""âœğŸ¼#smallartist #openforcommissions and #ENVtuber #TwitchAffiliate 
ğŸ¨#yokaitavern ğŸ‡¬ğŸ‡§ğŸ‡ºğŸ‡²ğŸ‡¨ğŸ‡º minors DNI""",Non-Verified,https://twitter.com/sherikookami,466,1981,31-Aug-2017 12:49:42,"""Also thats the biggest eps their mad about. The blm eps really got under their skin hard. It's fucking amazing to watch and their giving free marketing the efforts of this show to actually spread the message of we just want equality and to actually be free already""",1
"""1624597898272071682""",https://twitter.com/tukangarit_/status/1624597898272071682,12-Feb-2023 02:34:57,"""RT @NMS_ampeldenta: Si tua bangka PECUNDANG, piaraan Cikeas.

Moga luh panjang umur rief. 

Yg blm di blokir tag akun si tua bangka reporteâ€¦""",ReTweet,"""Twitter for Android""",13,18,,Undefined,"""1594160776025374720""",tukang ngarit,tukangarit_,"""""",Non-Verified,https://twitter.com/tukangarit_,777,815,20-Nov-2022 02:48:59,"""RT @nms_ampeldenta: Old Bangka Loser, Cikeas Pet. 

 I hope Luh is a long life. 

 Who hasn't blocked the tag of the old man's account ... """,0
"""1624597896912830464""",https://twitter.com/axmillionxplans/status/1624597896912830464,12-Feb-2023 02:34:56,"""RT @colorherqueen: Why isnâ€™t anyone talking about the black ranchers in Colorado who are being harassed by their white neighbors? Theyâ€™ve pâ€¦""",ReTweet,"""Twitter for iPhone""",21808,57213,,English,"""126784965""",amelia ğŸ—,axmillionxplans,"""thereâ€™s something wrong with this plot the actors here have got no clue""",Non-Verified,https://twitter.com/axmillionxplans,299,448,27-Mar-2010 00:29:34,"""RT @colorherqueen: Why isnâ€™t anyone talking about the black ranchers in Colorado who are being harassed by their white neighbors? Theyâ€™ve pâ€¦""",1
"""1624597875270332418""",https://twitter.com/NotShelbyUwU/status/1624597875270332418,12-Feb-2023 02:34:51,"""@Shy_Cryptic Dude really say ""BLM in bio ğŸ¤“""
Bro must be living in an alternate universe""",Reply,"""Twitter Web App""",0,0,Simping for KH/SM characters,English,"""1267089668241268736""",NotShelby,NotShelbyUwU,"""He/Him | Pan | Trans | Artist | 16
Im the coolest rat you'll ever meet
Certified Ghost hunter 
ğŸ¢â¤ï¸ğŸ’™ğŸ’œğŸ§¡ğŸ€
#SaveRiseofTMNT 
#RENEWTHECUPHEADSHOW""",Non-Verified,https://twitter.com/NotShelbyUwU,68,348,31-May-2020 13:45:39,"""@Shy_Cryptic Dude really say ""BLM in bio ğŸ¤“""
Bro must be living in an alternate universe""",1
"""1624597864600207360""",https://twitter.com/AWrj21/status/1624597864600207360,12-Feb-2023 02:34:49,"""RT @Juan45T: Yes burningâ€™s either done by ANTIFA or BLM or illegals. Trying to harm patriots here.""",ReTweet,"""Twitter for Android""",3,6,"Nashville, TN",English,"""1611527013168480256""",ANDR33Wrj21_(5),AWrj21,"""ğŸ—£ Welcome to the ZOMBIE APOCALYPSE plot twist: instead of BRAINLESS DEAD ZOMBIES, we get BRAINWASHED LIVE ZOMBIES. 
John 8:32 ğŸ“–
_( Q )ğŸ‡§ğŸ‡·ğŸ‡ºğŸ‡²""",Non-Verified,https://twitter.com/AWrj21,291,1957,07-Jan-2023 00:56:24,"""RT @Juan45T: Yes burningâ€™s either done by ANTIFA or BLM or illegals. Trying to harm patriots here.""",1
"""1624597846480547840""",https://twitter.com/sommerstar/status/1624597846480547840,12-Feb-2023 02:34:44,"""RT @PattieWalker4: Mom, wife &amp; activist @BlueinPDX wants to meet others that Vote Blue and support BLM and Voting Rights!""",ReTweet,"""Twitter for iPhone""",23,43,East Coast ,English,"""21971612""",Loretta,sommerstar,"""ğŸš«NO MAGAsğŸš«  I am ğŸ’¯ DemocratğŸ’™BLM ğŸ’™ProChoiceğŸ’™LBGTQI+ğŸ’™AntiRacistğŸ’™DogLoverğŸ’™RBGğŸ’™AntiDefamation ğŸ’™AAPI ğŸ’™Iâ€™m a Thinker & a Fighter for Democracy""",Non-Verified,https://twitter.com/sommerstar,10410,10344,26-Feb-2009 04:44:26,"""RT @PattieWalker4: Mom, wife &amp; activist @BlueinPDX wants to meet others that Vote Blue and support BLM and Voting Rights!""",1
"""1624597816415817728""",https://twitter.com/disneyprincekoo/status/1624597816415817728,12-Feb-2023 02:34:37,"""RT @taesoothe: When George Floyd was murdered by police kpop stans criticized BTS for being quiet (offline). Few days later BTS tweeted a sâ€¦""",ReTweet,"""Twitter for iPhone""",44,243,Portugal ğŸ‡µğŸ‡¹,English,"""1117935660411817986""",âŸ­âŸ¬ â‚‡ Caty á´®á´±â· â™¡ Jungkook âŸ¬ âŸ­,disneyprincekoo,"""BTS ğŸ‘‘ l Twice ğŸ­ | Everglow âœ¨ | Le Sserafim ğŸª¶ l New Jeans ğŸ° | Red Velvet ğŸŒ¹ l (G)-idle ğŸ”® l other ggs ğŸ’•l she/her l 95% BTS content tbh""",Non-Verified,https://twitter.com/disneyprincekoo,194,1018,15-Apr-2019 23:40:06,"""RT @taesoothe: When George Floyd was murdered by police kpop stans criticized BTS for being quiet (offline). Few days later BTS tweeted a sâ€¦""",0
"""1624597814876557313""",https://twitter.com/jaleahestelle/status/1624597814876557313,12-Feb-2023 02:34:37,"""RT @colorherqueen: Why isnâ€™t anyone talking about the black ranchers in Colorado who are being harassed by their white neighbors? Theyâ€™ve pâ€¦""",ReTweet,"""Twitter for iPhone""",21808,57213,504,English,"""1336521655590522880""",jaleah ğŸ§šğŸ¾,jaleahestelle,"""â™ï¸ | she/her | jxn stateğŸ’™ğŸ¤""",Non-Verified,https://twitter.com/jaleahestelle,286,325,09-Dec-2020 04:03:01,"""RT @colorherqueen: Why isnâ€™t anyone talking about the black ranchers in Colorado who are being harassed by their white neighbors? Theyâ€™ve pâ€¦""",1
"""1624597792080662528""",https://twitter.com/Pin_Kcherryy/status/1624597792080662528,12-Feb-2023 02:34:31,"""RT @simpsforlhc: @nct_menfess pengen deket yg tolong undang sendiri nct ke ruangtamu rumahmu sahabat... yg penting nonton aj udh bersyukurâ€¦""",ReTweet,"""Twitter for Android""",5,71,,Undefined,"""1444846320385093634""",â‹†.à³ƒVinà¿”*:ï½¥,Pin_Kcherryy,"""ğŸ«§sbt account for jeno jaemin mark""",Non-Verified,https://twitter.com/Pin_Kcherryy,554,580,04-Oct-2021 02:06:28,"""RT @simpsforlhc: @nct_menfess want to be close to those who please invite yourself to your room your house friend ... the important thing is watching it is grateful ...""",1
"""1624597786384793600""",https://twitter.com/Twiceinafess/status/1624597786384793600,12-Feb-2023 02:34:30,"""once! nyadar ga sih member twice pasti ada aja yg bilang gini tiap mau comeback, dan YA mereka ga bohong. dari semua discography mereka yg skrg2 ini bnr2 bikin wah dan bikin mikir twice blm pernah nyoba konsep/genre ini. mereka bnr2 keren bisa nyoba dan nyocokkin diri  (cont..) https://t.co/3yNFkPoT4z""",Tweet,"""Twitter for Mac""",0,0,Indonesia,Undefined,"""1276370536721874944""",Moonlight SunriseğŸŒ™,Twiceinafess,"""Autobase operated by teudongiebot to sharing info about TWICE for ONCE INAğŸ‡®ğŸ‡© Base Operated from 06.00am - 12.00am Report and information @admdivision3""",Non-Verified,https://twitter.com/Twiceinafess,12294,95,26-Jun-2020 04:24:10,"""Once! realized that the Twice members would have said that every time I wanted to make a comeback, and yes they didn't lie. From all their discography who now made it wow and make it think twice never tried this concept/genre. They bnr2 can be cool try and shake yourself (Cont ...) https://t.co/3ynfkpot4z """,0
"""1624597785843576832""",https://twitter.com/tompfoster/status/1624597785843576832,12-Feb-2023 02:34:30,"""@TempletonBlair @On_The_News_Ltd @jeremycorbyn I'm saving this tweet for the next left wing riot. Or BLM. Or Antifa. Or whatever flavour of discontent it'll be next time.""",Reply,"""Twitter for Android""",0,0,"Leeds, England",English,"""135955901""",Tom Foster SDP. #DefundTheBBC,tompfoster,"""Normal person as defined by internet standards. Classical Liberal with a libertarian streak.

I cannot be held responsible for my tweet content after 10pm ğŸ¤ª""",Non-Verified,https://twitter.com/tompfoster,5872,5939,22-Apr-2010 16:52:51,"""@TempletonBlair @On_The_News_Ltd @jeremycorbyn I'm saving this tweet for the next left wing riot. Or BLM. Or Antifa. Or whatever flavour of discontent it'll be next time.""",1
"""1624597777698422785""",https://twitter.com/xcvrnn/status/1624597777698422785,12-Feb-2023 02:34:28,"""@sbyfess kalo selembar iya, tapi kalo sebanyak itu aku malah kepikiran kerjaan ğŸ˜­ ini napa uang blm masuk ke brankas... apakah aku sepusing itu sampe kerjaanku ga done dgn sebaik2nya""",Reply,"""Twitter for Android""",0,0,,Undefined,"""1550903338236907520""",Ù‹,xcvrnn,"""orang juga harus tau cara untuk menyerah.""",Non-Verified,https://twitter.com/xcvrnn,1,11,23-Jul-2022 17:59:12,"""@sbyfess, if it's a sheet, but if I even think that my job is, why isn't this money.",0
"""1624597775009878018""",https://twitter.com/0502osa/status/1624597775009878018,12-Feb-2023 02:34:27,"""Butuh akun ml receh sekarang plis yg bisa rename tapi, trus season ini blm main""",Tweet,"""Twitter for iPhone""",0,0,"Hanam-si, Republic of Korea",Undefined,"""833321880576614401""",ì˜¤ì‚¬,0502osa,"""JisungğŸ¥Winwin. nctzen.""",Non-Verified,https://twitter.com/0502osa,1140,935,19-Feb-2017 14:26:33,"""Need an ML Dime account now plis that can rename but, then this season is not playing""",0
"""1624597774963724288""",https://twitter.com/he00507808/status/1624597774963724288,12-Feb-2023 02:34:27,"""RT @Hilmi28: Penjelasan yg clear &amp; sy rasa ini bisa menginspirasi dunia politik kita kedepan bahwa dukungan bukanlah investasi yg hrs dikemâ€¦""",ReTweet,"""Twitter for Android""",328,1686,,Undefined,"""1443924882673176577""",Wawan Hermawan,he00507808,"""""",Non-Verified,https://twitter.com/he00507808,156,381,01-Oct-2021 13:05:37,"""RT @hilmi28: This clear explanation & amp;",1
"""1624597768705826816""",https://twitter.com/ernasari_e/status/1624597768705826816,12-Feb-2023 02:34:26,"""@febrian_pepe Blm dibnerin itu bang mobilnya. Apa mau dibiarin aja buat kenangan wkwk""",Reply,"""Twitter for Android""",0,0,"Tangerang, Banten",Undefined,"""1251157693""",Erna Sari,ernasari_e,"""Mari sambat!!
https://t.co/blK5MHwPyh""",Non-Verified,https://twitter.com/ernasari_e,88,401,08-Mar-2013 08:34:51,"""@febrian_pepe, it's not yet in the car.",0
"""1624597762175283201""",https://twitter.com/dkkyung2/status/1624597762175283201,12-Feb-2023 02:34:24,"""Ini udh nahan bangt mau mewek dri kosan, tpi udh 4jam lbih blm smpe rumh ajaaaaa""",Tweet,"""Twitter for Android""",0,0,ğŸ“Indonesia ,Undefined,"""1258290426294894592""",totoro,dkkyung2,"""SURVIVOR""",Non-Verified,https://twitter.com/dkkyung2,44,132,07-May-2020 07:00:02,"""This is already holding back, I want to go from the boarding house, but it's already 4 hours, it's not more like that""",0
"""1624597740146786305""",https://twitter.com/barbiejeffy/status/1624597740146786305,12-Feb-2023 02:34:19,"""RT @fessthai: ftd! km dah punya anak berdua sperti biblejeff ni blm dikğŸ˜…ğŸ¸ https://t.co/TL4cv44gYJ""",ReTweet,"""Twitter for iPhone""",5,7,,Undefined,"""1409020818370142211""",ğŸ€ gigi ğŸ€,barbiejeffy,"""@DPRIAN_ | @_chowoodz | @jeffsatur | #JoeyWorrasarit | #BibleJeff | selective! i used blockchain ğŸ˜""",Non-Verified,https://twitter.com/barbiejeffy,465,300,27-Jun-2021 05:28:46,"""RT @FESSSTHAI: FTD! You have a child like a biblejeff, not dikm.",0
"""1624597732043235331""",https://twitter.com/dang3r_blm/status/1624597732043235331,12-Feb-2023 02:34:17,"""donate below
https://t.co/Q2uoU8Ih9q""",Reply,"""Twitter Web App""",0,0,nonbinary melee player,English,"""871901936978669568""",dang3r ğŸ”œ colliding sions,dang3r_blm,"""they\them Â°
pfp shot by: @emmy1984_ Â°
video editor Â°""",Non-Verified,https://twitter.com/dang3r_blm,360,533,06-Jun-2017 01:29:55,"""donate below
https://t.co/Q2uoU8Ih9q""",1
"""1624597731682684928""",https://twitter.com/sandrarip/status/1624597731682684928,12-Feb-2023 02:34:17,"""RT @colorherqueen: Why isnâ€™t anyone talking about the black ranchers in Colorado who are being harassed by their white neighbors? Theyâ€™ve pâ€¦""",ReTweet,"""Twitter for iPad""",21808,57213,,English,"""368687842""",notadvised,sandrarip,"""""",Non-Verified,https://twitter.com/sandrarip,536,1647,06-Sep-2011 02:03:50,"""RT @colorherqueen: Why isnâ€™t anyone talking about the black ranchers in Colorado who are being harassed by their white neighbors? Theyâ€™ve pâ€¦""",1
"""1624597727727259650""",https://twitter.com/RealLeekster/status/1624597727727259650,12-Feb-2023 02:34:16,"""Add BLM on the list https://t.co/tE7w41asM8""",Tweet,"""Twitter for iPhone""",0,0,"Texas, USA",English,"""54777994""",Leek,RealLeekster,"""Brave Heart  â˜ªï¸""",Non-Verified,https://twitter.com/RealLeekster,1507,969,08-Jul-2009 03:02:29,"""Add BLM on the list https://t.co/tE7w41asM8""",1
"""1624597727232524288""",https://twitter.com/byccherry/status/1624597727232524288,12-Feb-2023 02:34:16,"""@preetytingq iyaa kak udh aku chat in terus,,, blm dibalesÂ² dari kemarenÂ² :(""",Reply,"""Twitter for Android""",0,0,"qris,ovo,spay,dana,gopay",Undefined,"""1493207488631836672""",cherry,byccherry,"""Ë—ËË‹ê’°ğŸ”®ê’± â²™â²Ÿâ³½â²â²“ â²™â²Ÿâ³½â²â²“! knock my dm and iâ€™ll be ready to assist you do your school or college task âœ§.* also, i provide tons of ÏÑÎµĞ¼Î¹Ï…Ğ¼ Î±ÏÏÑ• merely for you ğŸ¡ğŸ¦„""",Non-Verified,https://twitter.com/byccherry,989,992,14-Feb-2022 12:56:38,"""@preetytingq yeah sis, I'm chatting all the time ... it's not dibalesÂ² from yesterday :(""",0
"""1624597727094136836""",https://twitter.com/saebok12/status/1624597727094136836,12-Feb-2023 02:34:16,"""@hhhannnifffa Hihihi, dh pny blm?""",Reply,"""Twitter for Android""",0,0,19,Undefined,"""1534896981193027584""",Pinkan,saebok12,"""â™¡ Nyampur! Poca Enjoyer (yg punya @warungnaevis) â™¡""",Non-Verified,https://twitter.com/saebok12,124,152,09-Jun-2022 13:55:40,"""@hhhannifffa Hihihi, Dha Phy Blm?""",1
"""1624597722321006593""",https://twitter.com/AhAhA_nt/status/1624597722321006593,12-Feb-2023 02:34:15,"""RT @eddyismien: ABANG ABANG PENYETAN DEPAN KOST ğŸ˜­ğŸ’˜ğŸ’–ğŸ’—ğŸ’ğŸ’ğŸ’•ğŸ’“ DIA INGET GUE BLM MAKAN SJSKJSJSKSJDJDJSJJDKDJDJEJDJEJJSJDJDJ https://t.co/Gechue6â€¦""",ReTweet,"""Twitter for Android""",1478,18448,Hati Jaemin,Italian,"""1453717393373425664""",ará¥²,AhAhA_nt,"""""",Non-Verified,https://twitter.com/AhAhA_nt,23,229,28-Oct-2021 13:37:10,"""RT @eddyismien: ABANG ABANG PENYETAN DEPAN KOST ğŸ˜­ğŸ’˜ğŸ’–ğŸ’—ğŸ’ğŸ’ğŸ’•ğŸ’“ DIA INGET GUE BLM MAKAN SJSKJSJSKSJDJDJSJJDKDJDJEJDJEJJSJDJDJ https://t.co/Gechue6â€¦""",1
"""1624597721347772416""",https://twitter.com/fkdindahead420/status/1624597721347772416,12-Feb-2023 02:34:14,"""@calhounsmom @jdzcoool The real insurrection was on 5/29 when blm rioters burned a white house guard post causing the secret service to force trump into the bunker so the left can call him bunker boy.""",Reply,"""Twitter for iPhone""",0,0,,English,"""3384475473""",stoney mechanic UltraMAGA,fkdindahead420,"""#LetsGoBrandon #FuckJoeBiden""",Non-Verified,https://twitter.com/fkdindahead420,422,826,20-Jul-2015 13:27:34,"""@calhounsmom @jdzcoool The real insurrection was on 5/29 when blm rioters burned a white house guard post causing the secret service to force trump into the bunker so the left can call him bunker boy.""",1
"""1624597713596878848""",https://twitter.com/Valerriene/status/1624597713596878848,12-Feb-2023 02:34:13,"""Ya makanya ada yg g mau punya anak soalnya blm cukup dr segi finansialnya.. drpd punya anak trs dibunuh krn takut g bisa mencukupi kebutuhannya gitu loh mass.. https://t.co/5PbD3HZN38""",Tweet,"""Twitter for Android""",0,0,,Undefined,"""791622674753519616""",Val ğŸŒºğŸ’«,Valerriene,"""""",Non-Verified,https://twitter.com/Valerriene,96,298,27-Oct-2016 12:48:48,"""Yes, that's why there are those who want to have children because it's not enough from the financial aspect ... Dr.Pd has a child who is killed because I am afraid that I can't meet their needs so mass ... https://t.co/5pbd3hzn38""",0
"""1624597706806263809""",https://twitter.com/engagelife50/status/1624597706806263809,12-Feb-2023 02:34:11,"""@bigmatt19692 @GuntherEagleman Like all the money donated to BLM? Never got to any communities.""",Reply,"""Twitter for Android""",0,0,,English,"""3014475350""",quadsquadplusone,engagelife50,"""#NoToGMO #SugarIsPoison
#DiedSuddenly #Evergreen
We're Patriots who love & have fought to defend our country. OUR government doesn't give a ğŸ’© about US.""",Non-Verified,https://twitter.com/engagelife50,260,628,09-Feb-2015 15:31:59,"""@bigmatt19692 @GuntherEagleman Like all the money donated to BLM? Never got to any communities.""",0
"""1624597703165620224""",https://twitter.com/Stephen26715542/status/1624597703165620224,12-Feb-2023 02:34:10,"""@realstewpeters The Bible characters weren't white anglo saxons, but this is BLM BS and part of the collapse of religions. It pushes racism it doesn't;t stop it.""",Reply,"""Twitter Web App""",0,0,,English,"""1601871986149724160""",Stephen Walters,Stephen26715542,"""""",Non-Verified,https://twitter.com/Stephen26715542,23,46,11-Dec-2022 09:30:33,"""@realstewpeters The Bible characters weren't white anglo saxons, but this is BLM BS and part of the collapse of religions. It pushes racism it doesn't;t stop it.""",0
"""1624597699726299137""",https://twitter.com/tachikoma_blm/status/1624597699726299137,12-Feb-2023 02:34:09,"""RT @buta_buhii: ğŸ·ğŸ”ğŸ¸ğŸ˜ğŸ°ğŸ¥
#ç€ãã‚‹ã¿è€…è­°ä¼š https://t.co/ppGRwC83wU""",ReTweet,"""Twitter Web App""",3,28,ã‚¨ã‚ªãƒ«ã‚¼ã‚¢ï¼ FF14ã€€,Undefined,"""980666095""",é¼»é»’å§«ï¼ Ridill,tachikoma_blm,"""åºŠã®å‘³ã‚½ãƒ ãƒªã‚¨ã€‚
ã€Œã‚«ãƒƒã‚³ã‚ˆãåœŸä¸‹åº§ã—ãŸã„ã‚ˆã­ï¼ã€
ã‚¨ã‚ªãƒ«ã‚¼ã‚¢ã«æœ€åˆã«é™ã‚Šç«‹ã£ãŸã®ã¯é¼»é»’ãƒƒãƒ†ã§ã—ãŸï¼ˆãƒ»Ï‰ãƒ»ï¼‰
ä¸»ã«ç”Ÿæ´»ç³»ã‚³ãƒ³ãƒ†ãƒ³ãƒ„ã‚’æ¥½ã—ã‚“ã§ã¾ã™ã€æˆ¦é—˜æ°‘æ—ã˜ã‚ƒã‚ã‚Šã¾ã›ã‚“ã€‚
ã‚´ãƒ¼ã‚¸ã¯ãƒã‚¦ã‚¸ãƒ³ã‚°ã€‚

Gaia/Ridill ã‚´ãƒ–9åŒº60ç•ªã€€ã‚¦ã‚½ã‚¦ã‚½SPAç®¡ç†äºº""",Non-Verified,https://twitter.com/tachikoma_blm,35,44,30-Nov-2012 15:18:17,"""RT @buta_buhii: ğŸ·ğŸ”ğŸ¸ğŸ˜ğŸ°ğŸ¥ 
 #Congratulations on the costume https://t.co/ppgrwc83wu """,1
"""1624597697050324992""",https://twitter.com/caramellmilktea/status/1624597697050324992,12-Feb-2023 02:34:09,"""Masuk grup ini berat bener perasaan gw. Blm mulai kuliah aja udh sibuk, sedangkan gw cuma planga plongo ga ngerti apa yg mreka omongin:)""",Tweet,"""Twitter for Android""",0,0,"Lampung,Indonesia",Undefined,"""335094007""",â„,caramellmilktea,"""Maaf ya twit aku ga penting:)""",Non-Verified,https://twitter.com/caramellmilktea,968,528,14-Jul-2011 04:12:32,"""Entering this group, my feelings are really heavy. I haven't started to go to college, while I am just a plongo, I don't understand what they say :)""",0
"""1624597685545336836""",https://twitter.com/xxoloveviii/status/1624597685545336836,12-Feb-2023 02:34:06,"""@arratakis Hutao ak blm pulang ğŸ˜”""",Reply,"""Twitter for Android""",0,0,,Undefined,"""1246471896742297602""",ğŸ³ vy | soon to be kaveh havers,xxoloveviii,"""this user is useless""",Non-Verified,https://twitter.com/xxoloveviii,31,170,04-Apr-2020 16:17:27,"""@arratakis hutao I haven't come home ğŸ˜”""",0
"""1624597684631015424""",https://twitter.com/sucisuc_/status/1624597684631015424,12-Feb-2023 02:34:06,"""RT @degenbams: @tanyakanrl iya penasaran juga, soalnya blm prnah ngrasain""",ReTweet,"""Twitter for Android""",43,589,,Undefined,"""1126890703""",cirachmadewiput ğŸŒ·,sucisuc_,"""https://t.co/jRlPIr6n4w""",Non-Verified,https://twitter.com/sucisuc_,215,276,28-Jan-2013 03:21:53,"""RT @degenbams: @tdahakrl yes curious too, because I have never felt""",1
"""1624597681023614980""",https://twitter.com/blm_angie/status/1624597681023614980,12-Feb-2023 02:34:05,"""RT @rawsalerts: ğŸš¨#BREAKING: Fighter jets investigated radar anomaly over northern Montana but nothing was found, NORAD says it seems to beâ€¦""",ReTweet,"""Twitter Web App""",167,521,Michigan,English,"""1283174348141088768""",Indestructible,blm_angie,"""#mentalhealth #mentalhealthawareness  #depression #988Lifeline #samhsa 
These are the #DaysofOurLives ! Welcome to the #MichaelJackson KARMA ğŸš‚. ALL ABOARD ğŸ˜""",Non-Verified,https://twitter.com/blm_angie,582,2358,14-Jul-2020 23:00:09,"""RT @rawsalerts: ğŸš¨#BREAKING: Fighter jets investigated radar anomaly over northern Montana but nothing was found, NORAD says it seems to beâ€¦""",0
"""1624597675692679169""",https://twitter.com/_nenaaa3/status/1624597675692679169,12-Feb-2023 02:34:04,"""RT @colorherqueen: Why isnâ€™t anyone talking about the black ranchers in Colorado who are being harassed by their white neighbors? Theyâ€™ve pâ€¦""",ReTweet,"""Twitter for iPhone""",21808,57213,uiuc16,English,"""1007755008""",mickie mouse,_nenaaa3,"""""",Non-Verified,https://twitter.com/_nenaaa3,182,127,13-Dec-2012 01:52:56,"""RT @colorherqueen: Why isnâ€™t anyone talking about the black ranchers in Colorado who are being harassed by their white neighbors? Theyâ€™ve pâ€¦""",1
"""1624597672073232384""",https://twitter.com/idont_jen/status/1624597672073232384,12-Feb-2023 02:34:03,"""RT @defikadikeW: Siapa mau ikutan Pound Fit Outdoor?

Yuk ikutan bareng Bandung Poundfit Community dan mimin @infobdg 

Selasa, 14 Februariâ€¦""",ReTweet,"""Twitter for iPhone""",8,38,,Undefined,"""2273113514""",kim,idont_jen,"""""",Non-Verified,https://twitter.com/idont_jen,6,66,02-Jan-2014 14:45:02,"""RT @Defikadikew: Who wants to join the Outdoor Pound Fit? 

 Let's join together with Bandung Poundfit Community and Mimin @infobdg 

 Tuesday, February 14 ... """,1
"""1624597668537438208""",https://twitter.com/whosmaudy/status/1624597668537438208,12-Feb-2023 02:34:02,"""dh ke gereja blm?""",Tweet,"""Twitter for Android""",0,1,Anti cinta2an virtual,Undefined,"""1043327593599008770""",H-38 Ramadhan ğŸ•Œ,whosmaudy,"""Hi aku maudy kreatif. Kere dan aktif ğŸ£""",Non-Verified,https://twitter.com/whosmaudy,26391,3861,22-Sep-2018 02:34:17,"""Gareja Balam?""",1
"""1624597668394864641""",https://twitter.com/ocee_me08/status/1624597668394864641,12-Feb-2023 02:34:02,"""@studiklub Lah kapir tp ngurusin agama org. Ga bahagia ya di agama sendiri? ğŸ˜‚
Lu paham ga dgn yg gw tulis? Kalau blm paham, mending balik sekolah lagi. Lu kira keluarga ulama jadi patokan muslim dlmenjalankan agama? Yg begini aja lu ga paham. Gimana yg lain? ğŸ˜…""",Reply,"""Twitter for Android""",0,0,,Undefined,"""2953022496""",me,ocee_me08,"""""",Non-Verified,https://twitter.com/ocee_me08,9901,792,31-Dec-2014 04:37:28,"""@Studiklub is the limestone but take care of the religion of people. Isn't it happy in their own religion? ğŸ˜‚ 
 Do you understand what I wrote? If you don't understand, it's better to go back to school again. Do you think the family of scholars become a benchmark of Muslims to run religion? You don't understand this. How about the others? ğŸ˜… """,0
"""1624597662279368704""",https://twitter.com/eliene_valadao/status/1624597662279368704,12-Feb-2023 02:34:00,"""@danilo_blm @rodosalm hahahaha sim. Muito pitaco e muita gente se sentindo ofendida! rs""",Reply,"""Twitter Web App""",0,0,,Portuguese,"""1232054014638018560""",Eliene,eliene_valadao,"""""",Non-Verified,https://twitter.com/eliene_valadao,166,336,24-Feb-2020 21:25:54,"""@danilo_blm @rodosalm hahahaha yes. Very pitaco and a lot of people feeling offended! lol""",1
"""1624597655333769216""",https://twitter.com/temenyedam/status/1624597655333769216,12-Feb-2023 02:33:59,"""besok matkul pa alex harus bikin 3 judul mpk kual dan aku blm bikin samsekğŸ¤·ğŸ»â€â™€ï¸ td malem mau bikin tp ternyata ketiduran gomen trs hari ini ak mau pergi..""",Tweet,"""Twitter for Android""",0,0,Indonesia,Undefined,"""919081798067302400""",jual ikan cupang,temenyedam,"""ga jual ikan.""",Non-Verified,https://twitter.com/temenyedam,18,15,14-Oct-2017 06:05:51,"""Tomorrow Matkul Pa Alex has to make 3 mpk kual titles and I haven't made samsekğŸ¤·ğŸ»â€â™€ï¸ TD night want to make but it turns out to fall asleep gomen trs today I want to go ..""",0
"""1624597631472381952""",https://twitter.com/MellllstD/status/1624597631472381952,12-Feb-2023 02:33:53,"""RT @yoonkook03: â™¡Help rtâ™¡
WTS // Want to Sell Photocard BTS rd ina

- Dom Tangerang
- Blm adm + pack
- Not for sensitive buyer!
- Tanya"" duâ€¦""",ReTweet,"""Twitter for Android""",4,5,,English,"""1348827680506933248""",Mell,MellllstD,"""she/her.

2nd acc. Just Random Things âœŒ""",Non-Verified,https://twitter.com/MellllstD,70,99,12-Jan-2021 03:02:52,"""RT @yoonkook03: â™¡Help rtâ™¡
WTS // Want to Sell Photocard BTS rd ina

- Dom Tangerang
- Blm adm + pack
- Not for sensitive buyer!
- Tanya"" duâ€¦""",0
"""1624597627718492160""",https://twitter.com/alextrnerswifye/status/1624597627718492160,12-Feb-2023 02:33:52,"""@tanyarlfes blm ada""",Reply,"""Twitter for iPhone""",0,0,,Undefined,"""1405565922052435972""",áƒ¦,alextrnerswifye,"""""",Non-Verified,https://twitter.com/alextrnerswifye,56,67,17-Jun-2021 16:40:19,"""@tanyarlfes hasn't been there""",1
"""1624597614745337857""",https://twitter.com/blm_angie/status/1624597614745337857,12-Feb-2023 02:33:49,"""RT @Acyn: â€œThat sounds like a false alarmâ€ https://t.co/GSFc0b0Kae""",ReTweet,"""Twitter Web App""",13,59,Michigan,English,"""1283174348141088768""",Indestructible,blm_angie,"""#mentalhealth #mentalhealthawareness  #depression #988Lifeline #samhsa 
These are the #DaysofOurLives ! Welcome to the #MichaelJackson KARMA ğŸš‚. ALL ABOARD ğŸ˜""",Non-Verified,https://twitter.com/blm_angie,582,2358,14-Jul-2020 23:00:09,"""RT @Acyn: â€œThat sounds like a false alarmâ€ https://t.co/GSFc0b0Kae""",1
"""1624597608256745474""",https://twitter.com/lalalabread/status/1624597608256745474,12-Feb-2023 02:33:48,"""RT @colorherqueen: Why isnâ€™t anyone talking about the black ranchers in Colorado who are being harassed by their white neighbors? Theyâ€™ve pâ€¦""",ReTweet,"""Twitter for iPhone""",21808,57213,,English,"""1195415389917917191""",lauryn,lalalabread,"""âœ¨Ghetto Fabulous Country Bamaâœ¨""",Non-Verified,https://twitter.com/lalalabread,33,61,15-Nov-2019 18:57:02,"""RT @colorherqueen: Why isnâ€™t anyone talking about the black ranchers in Colorado who are being harassed by their white neighbors? Theyâ€™ve pâ€¦""",1
"""1624597600493268992""",https://twitter.com/Czesc45/status/1624597600493268992,12-Feb-2023 02:33:46,"""RT @Czesc45: @Lawrence How about you go to the cities where Antifa and BLM destroyed private properties and businesses. With the encouragemâ€¦""",ReTweet,"""Twitter for iPhone""",232,224,,English,"""1566171392608899073""",Warrior Renata,Czesc45,"""â€œNo dream is too big. No challenge is too great. Nothing we want for our future is beyond our reach.â€ â€“ President Donald J. TrumpğŸ‡ºğŸ‡¸FreedomğŸ‡ºğŸ‡¸""",Non-Verified,https://twitter.com/Czesc45,23504,14975,03-Sep-2022 21:09:32,"""RT @Czesc45: @Lawrence How about you go to the cities where Antifa and BLM destroyed private properties and businesses. With the encouragementâ€¦""",0
"""1624597597221535746""",https://twitter.com/SBaboo59/status/1624597597221535746,12-Feb-2023 02:33:45,"""@OhBixch @NTanzerin @SandraYozipovic We do know! What's great is more &amp; more of your silent majority is speaking out!! Thank you! BTW, does anyone know who is making all the $$$ from this Marxist activism? BLM's donation trail was easy to track: straight up to the DNC. 
But these alphabet groups? I've no idea.""",Reply,"""Twitter for Android""",0,0,,English,"""1390099792433385479""",SweetBaboo59 ğŸ‡ºğŸ‡¸ğŸ‘®,SBaboo59,"""""",Non-Verified,https://twitter.com/SBaboo59,350,621,06-May-2021 00:23:29,"""@OhBixch @NTanzerin @SandraYozipovic We do know! What's great is more &amp; more of your silent majority is speaking out!! Thank you! BTW, does anyone know who is making all the $$$ from this Marxist activism? BLM's donation trail was easy to track: straight up to the DNC. 
But these alphabet groups? I've no idea.""",1
"""1624597565344735232""",https://twitter.com/shirasha70/status/1624597565344735232,12-Feb-2023 02:33:37,"""@JoJoFromJerz @Kathlee71013772 Nope you're mistaken discrimination by indoctrination.
Is not a crime to be white,not a crime to be black or a pervert either.Get BLM and the LGBTQ agenda out of our schools.
Children doesn't need to be politicized to push George Soros agenda.""",Reply,"""Twitter for Android""",0,0,"New Jersey, USA",English,"""1608292867033661440""",Shirasha70,shirasha70,"""""",Non-Verified,https://twitter.com/shirasha70,1,6,29-Dec-2022 02:44:56,"""@JoJoFromJerz @Kathlee71013772 Nope you're mistaken discrimination by indoctrination.
Is not a crime to be white,not a crime to be black or a pervert either.Get BLM and the LGBTQ agenda out of our schools.
Children doesn't need to be politicized to push George Soros agenda.""",0
"""1624597560747851778""",https://twitter.com/brianeharrison/status/1624597560747851778,12-Feb-2023 02:33:36,"""Weâ€™ve got the Texas State Teachers Association promoting a socialism and BLM activists at taxpayer expense, and the Texas Medical Board allowing child gender modificationsâ€¦ we must make Texas look like  Texas again this session.  
#txlege @txstateteachers""",Tweet,"""Twitter for iPhone""",2,4,"Ellis County, TX",English,"""62678998""",Brian Harrison,brianeharrison,"""Texas State Rep (#HD10). Native Texan. Aggie. Husband. Father of 4. Former small biz owner, HHS Chief of Staff, Trump and Bush Admins. Believer in freedom.""",Verified,https://twitter.com/brianeharrison,5673,1253,04-Aug-2009 01:23:40,"""Weâ€™ve got the Texas State Teachers Association promoting a socialism and BLM activists at taxpayer expense, and the Texas Medical Board allowing child gender modificationsâ€¦ we must make Texas look like  Texas again this session.  
#txlege @txstateteachers""",1
"""1624597557492973569""",https://twitter.com/blm_angie/status/1624597557492973569,12-Feb-2023 02:33:35,"""RT @HGACinema: Joan Crawford pictured teaching her daughter knitting at home, circa 1945. https://t.co/ZeWBXGRwXi""",ReTweet,"""Twitter Web App""",5,33,Michigan,English,"""1283174348141088768""",Indestructible,blm_angie,"""#mentalhealth #mentalhealthawareness  #depression #988Lifeline #samhsa 
These are the #DaysofOurLives ! Welcome to the #MichaelJackson KARMA ğŸš‚. ALL ABOARD ğŸ˜""",Non-Verified,https://twitter.com/blm_angie,582,2358,14-Jul-2020 23:00:09,"""RT @HGACinema: Joan Crawford pictured teaching her daughter knitting at home, circa 1945. https://t.co/ZeWBXGRwXi""",1
"""1624597553068269568""",https://twitter.com/sep1965virgo/status/1624597553068269568,12-Feb-2023 02:33:34,"""RT @dog_people_20xx: @himasoraakane å€‹äººçš„ã«åŒæ€§å©šè‡ªä½“ã«ã¯è³›æˆæ´¾ãªã‚“ã§ã™ãŒã€ã©ã†ã«ã‚‚LGBTã«å§‹ã¾ã‚Šä»¥å‰ã®BLMã‚„ã‚‰ä»Šã®SDGsã«ã—ã¦ã‚‚çµå±€æ‚ªç”¨ã—ãŸã„äººé”ãŒéƒ½åˆã„ã„æ§˜ã«é€²ã‚ã¦ã‚‹æ°—ãŒã—ã¦ãªã‚‰ãªã„ã‚“ã§ã™ã‚ˆã­ã‡
ã‚“ã§çµå±€åå¯¾ãƒã‚¸å–ã‚‰ã–ã‚‹ã‚’å¾—ãªã„ã¨ã„â€¦""",ReTweet,"""Twitter for Android""",7,28,Japan ğŸ‡¯ğŸ‡µ,Japanese,"""1581609985339191296""",â™ğŸ,sep1965virgo,"""165/80Â±3ã€ ãŠã£ã•ã‚“ã€ Gã€‚
ãƒ‹ã‚³ç”Ÿã§WNIã‚’è¦–ã‚‹ã®ãŒå¥½ãã€‚ğŸ¦”å‹¢ã€‚ğŸ™å¥½ãã€‚777ã¯è‹¦æ‰‹ã€‚
è¶£å‘³ä»¥å¤–ã‚’ã‚³ã‚³ã«ç§»è¡Œã€‚ã‚¢ãƒã‚¿ãƒ¼ã¨ãƒãƒŠãƒ¼ã¯ã¾ã æ€æ¡ˆä¸­ã‚ˆã€‚""",Non-Verified,https://twitter.com/sep1965virgo,7,265,16-Oct-2022 11:37:30,"""Rt @Dog_people_20XX: @himasoraakane I personally agree with the same -sex marriage itself, but I feel that those who want to exploit the BLMs before LGBT and the current SDGs after all are convenient. I don't know 
 After all, I have to take the opposite positive ... """,0
"""1624597542452490240""",https://twitter.com/Foxy_Lady9/status/1624597542452490240,12-Feb-2023 02:33:32,"""RT @rengoku2928: Udh engagement postingan Lisa blm ?

ë¸”ë™í•‘í¬ ë¦¬ì‚¬ ìµœê³ ì˜ ì—¬ì 
ë¸”ë™í•‘í¬ ë¦¬ì‚¬, ìš°ë¦¬ëŠ” ë„ˆë¥¼ ë„ˆë¬´ ì‚¬ë‘í•´
ë¸”ë™í•‘í¬ ë¦¬ì‚¬, ë‹¹ì‹ ì€ ì‚¬ë‘ì„ ë°›ê³  ìˆìŠµë‹ˆë‹¤
ë¸”ë™í•‘í¬ ë¦¬ì‚¬, ìš°ë¦¬ëŠ” í•­ìƒ ë‹¹ì‹ ì„ ìâ€¦""",ReTweet,"""Twitter for Android""",8,2,,Korean,"""1704357806""",Lady_foxy,Foxy_Lady9,"""ğ“˜'ğ“¶ ğ“²ğ“· ğ“µğ“¸ğ“¿ğ“® ğ”€ğ“²ğ“½ğ“±  @ğ“µğ“ªğ“µğ“ªğ“µğ“ªğ“µğ“²ğ“¼ğ“ª_ğ“¶
lilies & lizard only""",Non-Verified,https://twitter.com/Foxy_Lady9,742,759,27-Aug-2013 10:40:32,"""Rt @rengoku2928: UDH Engage Postingan lisa BLM? 

 BLACKPINK Lisa Best Woman 
 Black Pink Lisa, we love you so much 
 Black Pink Lisa, you are loved 
 Black Pink Lisa, we always sleep youâ€¦ """,1
"""1624597541617815552""",https://twitter.com/TXTjajan/status/1624597541617815552,12-Feb-2023 02:33:32,"""moask- yeonjun home satu set + photobook 240k hargaa incl all udh pas atau blm? kalo ada saran hargaa yg pas boleh ya""",Tweet,"""Twitter for Mac""",0,0,"was MOAjajan, jajanmoa",Undefined,"""1409762464854466561""",CEK PINNED ğŸ“Œ,TXTjajan,"""â€¼ï¸ OPEN DM â€¼ï¸ MOJA is here! Use trigger: mosell- mobuy- motrade- moask- moshare- | pertanyaan/pengaduan : @txtjajan_Adm""",Non-Verified,https://twitter.com/TXTjajan,10223,507,29-Jun-2021 06:35:56,"""Moask- Yeonjun Home is a set + photobook 240k price Incl all is right or not? If there is a suggestion price that is right, yes""",1
"""1624597537804939264""",https://twitter.com/ccthesylveon/status/1624597537804939264,12-Feb-2023 02:33:31,"""RT @YeuleDefenderr: #BlackLivesMatter #BLM #blackTRANSlivesmatter #BlackTranswoman #LGBTQIA #queer #community #rent #home #HousingForAll #eâ€¦""",ReTweet,"""Twitter Web App""",3,1,the backroom at freddy's | BLM,Undefined,"""758037373720469504""",cc,ccthesylveon,"""cc | she/her | 19 | white, autistic, able-bodied | fnaf liker :)""",Non-Verified,https://twitter.com/ccthesylveon,767,2781,26-Jul-2016 20:32:48,"""RT @YeuleDefenderr: #BlackLivesMatter #BLM #blackTRANSlivesmatter #BlackTranswoman #LGBTQIA #queer #community #rent #home #HousingForAll #eâ€¦""",1
"""1624597534827245572""",https://twitter.com/rejeki_anakku/status/1624597534827245572,12-Feb-2023 02:33:30,"""@bibeyyyyy Udah 10hr blm bigwin lagi, eh malah sering disenggol om mel_mel""",Reply,"""Twitter for Android""",0,0,"Jawa Tengah, Indonesia",Undefined,"""1614902625547452423""",cah ndeso ğŸ“ğŸ“freetag,rejeki_anakku,"""akun @izanizanbigwin backup""",Non-Verified,https://twitter.com/rejeki_anakku,52,1059,16-Jan-2023 08:29:47,"""@bibeyyyyyy already 10hr hasn't been bigwin again, eh even often nudged om mel_mel""",0
